Referęncia;Descriçăo;Marca;Prestadora;O.P.;Peças;LT;Ini. O.P.;Ini. Fase;Movimentado;Tipo O.P.;Entrega;Prioridade;Observaçăo
REST1028;BATA BABADOS;RITMI STUDIO;40473 - TIMBE - RITMI CONFECCOES;27982;67;112;08/12/2025;29/01/2026;29/01/2026;Normal;;;sem.04
REST1028;BATA BABADOS;RITMI STUDIO;40473 - TIMBE - RITMI CONFECCOES;27982;32;112;08/12/2025;29/01/2026;04/02/2026;Normal;;;sem.04
REST1232;VESTIDO COM MANGAS AMPLAS E AMARRAÇĂO;RITMI STUDIO;2 - RITMI CONFECCOES LTDA;27045;2;166;15/10/2025;10/12/2025;15/01/2026;Normal;;;Sem. 44
REST1232;VESTIDO COM MANGAS AMPLAS E AMARRAÇĂO;RITMI STUDIO;2 - RITMI CONFECCOES LTDA;27045;3;166;15/10/2025;10/12/2025;19/01/2026;Normal;;;Sem. 44
REST1232;VESTIDO COM MANGAS AMPLAS E AMARRAÇĂO;RITMI STUDIO;2 - RITMI CONFECCOES LTDA;27045;1;166;15/10/2025;10/12/2025;21/01/2026;Normal;;;Sem. 44
REST1232;VESTIDO COM MANGAS AMPLAS E AMARRAÇĂO;RITMI STUDIO;2 - RITMI CONFECCOES LTDA;27045;5;166;15/10/2025;10/12/2025;26/01/2026;Normal;;;Sem. 44
REST1232;VESTIDO COM MANGAS AMPLAS E AMARRAÇĂO;RITMI STUDIO;2 - RITMI CONFECCOES LTDA;27045;1;166;15/10/2025;10/12/2025;27/01/2026;Normal;;;Sem. 44
REST1232;VESTIDO COM MANGAS AMPLAS E AMARRAÇĂO;RITMI STUDIO;2 - RITMI CONFECCOES LTDA;27045;11;166;15/10/2025;10/12/2025;28/01/2026;Normal;;;Sem. 44
REST1244.3;COLETE C/ BOLSOS;RITMI STUDIO;2 - RITMI CONFECCOES LTDA;26979;3;172;09/10/2025;09/12/2025;28/01/2026;Normal;;;Prep. costura + Bol...
REST1245.1;TOP TWEED ASSIMETRICO;RITMI STUDIO;2 - RITMI CONFECCOES LTDA;28050;59;111;09/12/2025;09/01/2026;19/01/2026;Normal;;;sem.4
REST1245.1;TOP TWEED ASSIMETRICO;RITMI STUDIO;2 - RITMI CONFECCOES LTDA;28050;1;111;09/12/2025;09/01/2026;21/01/2026;Normal;;;sem.4
REST1245.1;TOP TWEED ASSIMETRICO;RITMI STUDIO;2 - RITMI CONFECCOES LTDA;28050;1;111;09/12/2025;09/01/2026;23/01/2026;Normal;;;sem.4
REST1245.1;TOP TWEED ASSIMETRICO;RITMI STUDIO;2 - RITMI CONFECCOES LTDA;28050;6;111;09/12/2025;09/01/2026;04/02/2026;Normal;;;sem.4
REST1245.2;SAIA CURTA DE TWEED;RITMI STUDIO;2 - RITMI CONFECCOES LTDA;28049;59;111;09/12/2025;06/01/2026;06/01/2026;Normal;;;sem.04
REST1245.2;SAIA CURTA DE TWEED;RITMI STUDIO;2 - RITMI CONFECCOES LTDA;28049;6;111;09/12/2025;06/01/2026;13/01/2026;Normal;;;sem.04
REST1245.2;SAIA CURTA DE TWEED;RITMI STUDIO;2 - RITMI CONFECCOES LTDA;28049;1;111;09/12/2025;06/01/2026;15/01/2026;Normal;;;sem.04
REST1245.2;SAIA CURTA DE TWEED;RITMI STUDIO;2 - RITMI CONFECCOES LTDA;28049;1;111;09/12/2025;06/01/2026;27/01/2026;Normal;;;sem.04
REST1253.1;BLUSA UM OMBRO SÓ;RITMI STUDIO;2 - RITMI CONFECCOES LTDA;27038;7;167;14/10/2025;09/12/2025;28/01/2026;Normal;;;sem.45
REST1279;VESTIDO MIDI C/ ALÇAS FINAS;RITMI STUDIO;2 - RITMI CONFECCOES LTDA;27523;4;129;21/11/2025;09/12/2025;28/01/2026;Normal;;;sem.49
REST1280.1;CAMISA CAVA DESLOCADA TIGRADA;RITMI STUDIO;40522 - LIKA ACABAMENTOS LTDA;28125;77;104;16/12/2025;03/02/2026;03/02/2026;Normal;;;sem.05
REST1280.2;SHORT COM PREGA TIGRADO;RITMI STUDIO;2 - RITMI CONFECCOES LTDA;28126;30;104;16/12/2025;29/01/2026;29/01/2026;Normal;;;sem.05
REST1280.2;SHORT COM PREGA TIGRADO;RITMI STUDIO;2 - RITMI CONFECCOES LTDA;28126;39;104;16/12/2025;29/01/2026;30/01/2026;Normal;;;sem.05
REST1280.2;SHORT COM PREGA TIGRADO;RITMI STUDIO;2 - RITMI CONFECCOES LTDA;28126;5;104;16/12/2025;29/01/2026;02/02/2026;Normal;;;sem.05
REST1280.2;SHORT COM PREGA TIGRADO;RITMI STUDIO;2 - RITMI CONFECCOES LTDA;28126;3;104;16/12/2025;29/01/2026;03/02/2026;Normal;;;sem.05
REST1286;VESTIDO MIDI C/ ALÇAS;RITMI STUDIO;2 - RITMI CONFECCOES LTDA;28193;168;97;23/12/2025;03/02/2026;05/02/2026;Normal;;;
REST1289;TOP COM PREGA DE LAISE;RITMI STUDIO;2 - RITMI CONFECCOES LTDA;27617;4;126;24/11/2025;11/12/2025;28/01/2026;Normal;;;sem.49
REST1295;VESTIDO DE ALÇAS COM BARRADO DE LAISE;RITMI STUDIO;2 - RITMI CONFECCOES LTDA;27049;2;166;15/10/2025;09/12/2025;28/01/2026;Normal;;;Sem. 46
REST1299;REGATA MALHA CANELADA;RITMI STUDIO;2 - RITMI CONFECCOES LTDA;27524;1;129;21/11/2025;12/12/2025;28/01/2026;Normal;;;sem.49
REST1307;VESTIDO AMPLO COM FRANZIDOS;RITMI STUDIO;2 - RITMI CONFECCOES LTDA;28175;95;98;22/12/2025;22/01/2026;23/01/2026;Normal;;;
REST1307;VESTIDO AMPLO COM FRANZIDOS;RITMI STUDIO;2 - RITMI CONFECCOES LTDA;28175;4;98;22/12/2025;22/01/2026;26/01/2026;Normal;;;
REST1307;VESTIDO AMPLO COM FRANZIDOS;RITMI STUDIO;2 - RITMI CONFECCOES LTDA;28175;1;98;22/12/2025;22/01/2026;27/01/2026;Normal;;;
REST1307;VESTIDO AMPLO COM FRANZIDOS;RITMI STUDIO;2 - RITMI CONFECCOES LTDA;28175;1;98;22/12/2025;22/01/2026;28/01/2026;Normal;;;
REST1307;VESTIDO AMPLO COM FRANZIDOS;RITMI STUDIO;2 - RITMI CONFECCOES LTDA;28175;1;98;22/12/2025;22/01/2026;30/01/2026;Normal;;;
REST1491;VESTIDO LONGO COM DETALHE NO OMBRO;RITMI STUDIO;2 - RITMI CONFECCOES LTDA;28082;31;110;10/12/2025;14/01/2026;19/01/2026;Normal;;;sem.04
REST1491;VESTIDO LONGO COM DETALHE NO OMBRO;RITMI STUDIO;2 - RITMI CONFECCOES LTDA;28082;65;110;10/12/2025;14/01/2026;23/01/2026;Normal;;;sem.04
REST1491;VESTIDO LONGO COM DETALHE NO OMBRO;RITMI STUDIO;2 - RITMI CONFECCOES LTDA;28082;2;110;10/12/2025;14/01/2026;26/01/2026;Normal;;;sem.04
REST1491;VESTIDO LONGO COM DETALHE NO OMBRO;RITMI STUDIO;2 - RITMI CONFECCOES LTDA;28082;1;110;10/12/2025;14/01/2026;28/01/2026;Normal;;;sem.04
REST1493;BLUSA BÁSICA ML;RITMI STUDIO;40522 - LIKA ACABAMENTOS LTDA;28121;27;104;16/12/2025;22/01/2026;30/01/2026;Normal;;;sem.04
REST1494;VESTIDO DE ALÇA MIDI;RITMI STUDIO;2 - RITMI CONFECCOES LTDA;28120;23;104;16/12/2025;29/01/2026;02/02/2026;Normal;;;sem.04
REST1494;VESTIDO DE ALÇA MIDI;RITMI STUDIO;2 - RITMI CONFECCOES LTDA;28120;1;104;16/12/2025;29/01/2026;03/02/2026;Normal;;;sem.04
REST1494;VESTIDO DE ALÇA MIDI;RITMI STUDIO;2 - RITMI CONFECCOES LTDA;28120;12;104;16/12/2025;29/01/2026;05/02/2026;Normal;;;sem.04
REST1495.1;BLUSA COM DETALHEM EM FRANZIDO LATERAL;RITMI STUDIO;2 - RITMI CONFECCOES LTDA;28074;98;111;09/12/2025;12/01/2026;13/01/2026;Normal;;;sem.04
REST1495.1;BLUSA COM DETALHEM EM FRANZIDO LATERAL;RITMI STUDIO;2 - RITMI CONFECCOES LTDA;28074;1;111;09/12/2025;12/01/2026;21/01/2026;Normal;;;sem.04
REST1495.1;BLUSA COM DETALHEM EM FRANZIDO LATERAL;RITMI STUDIO;2 - RITMI CONFECCOES LTDA;28074;1;111;09/12/2025;12/01/2026;03/02/2026;Normal;;;sem.04
REST1495.1;BLUSA COM DETALHEM EM FRANZIDO LATERAL;RITMI STUDIO;2 - RITMI CONFECCOES LTDA;28074;2;111;09/12/2025;12/01/2026;04/02/2026;Normal;;;sem.04
REST1495.2;CALÇA WIDE COM CÓS DE ELÁSTICO;RITMI STUDIO;2 - RITMI CONFECCOES LTDA;28118;95;105;15/12/2025;07/01/2026;12/01/2026;Normal;;;sem.04
REST1495.2;CALÇA WIDE COM CÓS DE ELÁSTICO;RITMI STUDIO;2 - RITMI CONFECCOES LTDA;28118;3;105;15/12/2025;07/01/2026;13/01/2026;Normal;;;sem.04
REST1495.2;CALÇA WIDE COM CÓS DE ELÁSTICO;RITMI STUDIO;2 - RITMI CONFECCOES LTDA;28118;1;105;15/12/2025;07/01/2026;22/01/2026;Normal;;;sem.04
REST1495.2;CALÇA WIDE COM CÓS DE ELÁSTICO;RITMI STUDIO;2 - RITMI CONFECCOES LTDA;28118;3;105;15/12/2025;07/01/2026;04/02/2026;Normal;;;sem.04
REST1495.3;COLETE JUSTO COM VISTA FUNCIONAL;RITMI STUDIO;2 - RITMI CONFECCOES LTDA;28079;40;110;10/12/2025;21/01/2026;21/01/2026;Normal;;;sem.04
REST1495.3;COLETE JUSTO COM VISTA FUNCIONAL;RITMI STUDIO;2 - RITMI CONFECCOES LTDA;28079;54;110;10/12/2025;21/01/2026;22/01/2026;Normal;;;sem.04
REST1495.3;COLETE JUSTO COM VISTA FUNCIONAL;RITMI STUDIO;2 - RITMI CONFECCOES LTDA;28079;3;110;10/12/2025;21/01/2026;23/01/2026;Normal;;;sem.04
REST1495.3;COLETE JUSTO COM VISTA FUNCIONAL;RITMI STUDIO;2 - RITMI CONFECCOES LTDA;28079;5;110;10/12/2025;21/01/2026;04/02/2026;Normal;;;sem.04
REST1498;REGATA COM RENDA;RITMI STUDIO;2 - RITMI CONFECCOES LTDA;27877;23;119;01/12/2025;19/12/2025;13/01/2026;Normal;;;sem.49
REST1498;REGATA COM RENDA;RITMI STUDIO;2 - RITMI CONFECCOES LTDA;27877;11;119;01/12/2025;19/12/2025;14/01/2026;Normal;;;sem.49
REST1498;REGATA COM RENDA;RITMI STUDIO;2 - RITMI CONFECCOES LTDA;27877;1;119;01/12/2025;19/12/2025;15/01/2026;Normal;;;sem.49
REST1498;REGATA COM RENDA;RITMI STUDIO;2 - RITMI CONFECCOES LTDA;27877;2;119;01/12/2025;19/12/2025;19/01/2026;Normal;;;sem.49
REST1498;REGATA COM RENDA;RITMI STUDIO;2 - RITMI CONFECCOES LTDA;27877;3;119;01/12/2025;19/12/2025;21/01/2026;Normal;;;sem.49
REST1498;REGATA COM RENDA;RITMI STUDIO;2 - RITMI CONFECCOES LTDA;27877;1;119;01/12/2025;19/12/2025;23/01/2026;Normal;;;sem.49
REST1498;REGATA COM RENDA;RITMI STUDIO;2 - RITMI CONFECCOES LTDA;27877;5;119;01/12/2025;19/12/2025;28/01/2026;Normal;;;sem.49
REST1499;CALÇA ALADIM;RITMI STUDIO;2 - RITMI CONFECCOES LTDA;27981;47;112;08/12/2025;13/01/2026;14/01/2026;Normal;;E (Estamparia);ERsem.04
REST1500.1;BLAZER OVER;RITMI STUDIO;2 - RITMI CONFECCOES LTDA;28123;1;104;16/12/2025;19/02/2026;19/02/2026;Normal;;;BOLSO EMBUTIDOsem.0...
REST1500.1;BLAZER OVER;RITMI STUDIO;33419 - INTERNO RITMI;28123;40;104;16/12/2025;19/02/2026;12/03/2026;Normal;;;BOLSO EMBUTIDOsem.0...
REST1500.1;BLAZER OVER;RITMI STUDIO;33419 - INTERNO RITMI;28123;1;104;16/12/2025;19/02/2026;13/03/2026;Normal;;;BOLSO EMBUTIDOsem.0...
REST1500.1;BLAZER OVER;RITMI STUDIO;33419 - INTERNO RITMI;28123;13;104;16/12/2025;19/02/2026;16/03/2026;Normal;;;BOLSO EMBUTIDOsem.0...
REST1500.1;BLAZER OVER;RITMI STUDIO;33419 - INTERNO RITMI;28123;13;104;16/12/2025;19/02/2026;17/03/2026;Normal;;;BOLSO EMBUTIDOsem.0...
REST1500.1;BLAZER OVER;RITMI STUDIO;33419 - INTERNO RITMI;28123;6;104;16/12/2025;19/02/2026;18/03/2026;Normal;;;BOLSO EMBUTIDOsem.0...
REST1500.1;BLAZER OVER;RITMI STUDIO;33419 - INTERNO RITMI;28123;3;104;16/12/2025;19/02/2026;20/03/2026;Normal;;;BOLSO EMBUTIDOsem.0...
REST1500.1;BLAZER OVER;RITMI STUDIO;33419 - INTERNO RITMI;28123;8;104;16/12/2025;19/02/2026;24/03/2026;Normal;;;BOLSO EMBUTIDOsem.0...
REST1500.2;CALÇA RETA C/ PREGAS;RITMI STUDIO;40522 - LIKA ACABAMENTOS LTDA;28124;101;104;16/12/2025;03/02/2026;03/02/2026;Normal;;;sem.05
REST1502.1;REGATA COM DETALHE EM BABADOS;RITMI STUDIO;2 - RITMI CONFECCOES LTDA;28083;72;109;11/12/2025;23/01/2026;26/01/2026;Normal;;;sem.04
REST1502.1;REGATA COM DETALHE EM BABADOS;RITMI STUDIO;2 - RITMI CONFECCOES LTDA;28083;5;109;11/12/2025;23/01/2026;27/01/2026;Normal;;;sem.04
REST1502.1;REGATA COM DETALHE EM BABADOS;RITMI STUDIO;2 - RITMI CONFECCOES LTDA;28083;11;109;11/12/2025;23/01/2026;28/01/2026;Normal;;;sem.04
REST1502.1;REGATA COM DETALHE EM BABADOS;RITMI STUDIO;2 - RITMI CONFECCOES LTDA;28083;2;109;11/12/2025;23/01/2026;30/01/2026;Normal;;;sem.04
REST1502.1;REGATA COM DETALHE EM BABADOS;RITMI STUDIO;2 - RITMI CONFECCOES LTDA;28083;3;109;11/12/2025;23/01/2026;02/02/2026;Normal;;;sem.04
REST1502.1;REGATA COM DETALHE EM BABADOS;RITMI STUDIO;2 - RITMI CONFECCOES LTDA;28083;1;109;11/12/2025;23/01/2026;03/02/2026;Normal;;;sem.04
REST1502.1;REGATA COM DETALHE EM BABADOS;RITMI STUDIO;2 - RITMI CONFECCOES LTDA;28083;6;109;11/12/2025;23/01/2026;04/02/2026;Normal;;;sem.04
REST1502.2 ;CALÇA ``ALADIM`` COM DETALHE EM AMARRAÇĂO;RITMI STUDIO;40522 - LIKA ACABAMENTOS LTDA;28084;102;109;11/12/2025;23/01/2026;30/01/2026;Normal;;;sem.04
REST1504;VESTIDO LONGO COM DETALHE EM RECORTES;RITMI STUDIO;2 - RITMI CONFECCOES LTDA;27586;29;126;24/11/2025;15/12/2025;06/01/2026;Normal;;;sem.49
REST1505;BLUSA TORCIDO FRENTE;RITMI STUDIO;2 - RITMI CONFECCOES LTDA;27999;39;112;08/12/2025;23/01/2026;28/01/2026;Normal;;;sem.04
REST1505;BLUSA TORCIDO FRENTE;RITMI STUDIO;2 - RITMI CONFECCOES LTDA;27999;10;112;08/12/2025;23/01/2026;29/01/2026;Normal;;;sem.04
REST1505;BLUSA TORCIDO FRENTE;RITMI STUDIO;2 - RITMI CONFECCOES LTDA;27999;15;112;08/12/2025;23/01/2026;30/01/2026;Normal;;;sem.04
REST1505;BLUSA TORCIDO FRENTE;RITMI STUDIO;2 - RITMI CONFECCOES LTDA;27999;30;112;08/12/2025;23/01/2026;02/02/2026;Normal;;;sem.04
REST1505;BLUSA TORCIDO FRENTE;RITMI STUDIO;2 - RITMI CONFECCOES LTDA;27999;2;112;08/12/2025;23/01/2026;03/02/2026;Normal;;;sem.04
REST1505;BLUSA TORCIDO FRENTE;RITMI STUDIO;2 - RITMI CONFECCOES LTDA;27999;15;112;08/12/2025;23/01/2026;04/02/2026;Normal;;;sem.04
REST1505;BLUSA TORCIDO FRENTE;RITMI STUDIO;2 - RITMI CONFECCOES LTDA;27999;10;112;08/12/2025;23/01/2026;06/02/2026;Normal;;;sem.04
REST1505;BLUSA TORCIDO FRENTE;RITMI STUDIO;2 - RITMI CONFECCOES LTDA;27999;3;112;08/12/2025;23/01/2026;09/02/2026;Normal;;;sem.04
REST1505;BLUSA TORCIDO FRENTE;RITMI STUDIO;2 - RITMI CONFECCOES LTDA;27999;1;112;08/12/2025;23/01/2026;10/02/2026;Normal;;;sem.04
REST1506;BLUSA DE RENDA MANGA LONGA;RITMI STUDIO;2 - RITMI CONFECCOES LTDA;27986;69;112;08/12/2025;08/01/2026;12/01/2026;Normal;;;sem.04
REST1506;BLUSA DE RENDA MANGA LONGA;RITMI STUDIO;2 - RITMI CONFECCOES LTDA;27986;2;112;08/12/2025;08/01/2026;14/01/2026;Normal;;;sem.04
REST1506;BLUSA DE RENDA MANGA LONGA;RITMI STUDIO;2 - RITMI CONFECCOES LTDA;27986;2;112;08/12/2025;08/01/2026;04/02/2026;Normal;;;sem.04
REST1507;BLUSA DE RENDA MANGA CURTA;RITMI STUDIO;2 - RITMI CONFECCOES LTDA;28008;89;111;09/12/2025;08/01/2026;12/01/2026;Normal;;;sem.04
REST1507;BLUSA DE RENDA MANGA CURTA;RITMI STUDIO;2 - RITMI CONFECCOES LTDA;28008;10;111;09/12/2025;08/01/2026;13/01/2026;Normal;;;sem.04
REST1507;BLUSA DE RENDA MANGA CURTA;RITMI STUDIO;2 - RITMI CONFECCOES LTDA;28008;1;111;09/12/2025;08/01/2026;27/01/2026;Normal;;;sem.04
REST1507;BLUSA DE RENDA MANGA CURTA;RITMI STUDIO;2 - RITMI CONFECCOES LTDA;28008;2;111;09/12/2025;08/01/2026;04/02/2026;Normal;;;sem.04
REST1512.1;BLUSA MANGA CURTA COM DECOTE V;RITMI STUDIO;2 - RITMI CONFECCOES LTDA;28192;135;97;23/12/2025;12/02/2026;12/02/2026;Normal;;;
REST1512.2;CALÇA BÁSICA COM CÓS DE ELÁSTICO;RITMI STUDIO;2 - RITMI CONFECCOES LTDA;28191;47;97;23/12/2025;28/01/2026;28/01/2026;Normal;;;
REST1512.2;CALÇA BÁSICA COM CÓS DE ELÁSTICO;RITMI STUDIO;2 - RITMI CONFECCOES LTDA;28191;63;97;23/12/2025;28/01/2026;29/01/2026;Normal;;;
REST1512.2;CALÇA BÁSICA COM CÓS DE ELÁSTICO;RITMI STUDIO;2 - RITMI CONFECCOES LTDA;28191;1;97;23/12/2025;28/01/2026;30/01/2026;Normal;;;
REST1512.2;CALÇA BÁSICA COM CÓS DE ELÁSTICO;RITMI STUDIO;2 - RITMI CONFECCOES LTDA;28191;8;97;23/12/2025;28/01/2026;02/02/2026;Normal;;;
REST1512.2;CALÇA BÁSICA COM CÓS DE ELÁSTICO;RITMI STUDIO;2 - RITMI CONFECCOES LTDA;28191;2;97;23/12/2025;28/01/2026;03/02/2026;Normal;;;
REST1512.2;CALÇA BÁSICA COM CÓS DE ELÁSTICO;RITMI STUDIO;2 - RITMI CONFECCOES LTDA;28191;6;97;23/12/2025;28/01/2026;04/02/2026;Normal;;;
REST1512.2;CALÇA BÁSICA COM CÓS DE ELÁSTICO;RITMI STUDIO;2 - RITMI CONFECCOES LTDA;28191;8;97;23/12/2025;28/01/2026;05/02/2026;Normal;;;
REST1520;REGATA LISTRA MALHA CANELADA;RITMI STUDIO;2 - RITMI CONFECCOES LTDA;28073;83;111;09/12/2025;14/01/2026;15/01/2026;Normal;;;sem.04
REST1520;REGATA LISTRA MALHA CANELADA;RITMI STUDIO;2 - RITMI CONFECCOES LTDA;28073;18;111;09/12/2025;14/01/2026;19/01/2026;Normal;;;sem.04
REST1520;REGATA LISTRA MALHA CANELADA;RITMI STUDIO;2 - RITMI CONFECCOES LTDA;28073;1;111;09/12/2025;14/01/2026;27/01/2026;Normal;;;sem.04
REST1521.1;CAMISA DE LINHO MANGA CURTA;RITMI STUDIO;40522 - LIKA ACABAMENTOS LTDA;28183;95;98;22/12/2025;03/02/2026;03/02/2026;Normal;;;OP LIBERADA ETIQUET...
REST1521.2;SHORT DE LINHO C/ PREGAS;RITMI STUDIO;40522 - LIKA ACABAMENTOS LTDA;28176;96;98;22/12/2025;30/01/2026;30/01/2026;Normal;;;OP LIBERADA ETIQUET...
REST1523.1;BLUSA MANGA CURTA MALHA CANELADA;RITMI STUDIO;2 - RITMI CONFECCOES LTDA;28227;124;82;07/01/2026;22/01/2026;23/01/2026;Normal;;;
REST1523.1;BLUSA MANGA CURTA MALHA CANELADA;RITMI STUDIO;2 - RITMI CONFECCOES LTDA;28227;6;82;07/01/2026;22/01/2026;26/01/2026;Normal;;;
REST1523.1;BLUSA MANGA CURTA MALHA CANELADA;RITMI STUDIO;2 - RITMI CONFECCOES LTDA;28227;5;82;07/01/2026;22/01/2026;28/01/2026;Normal;;;
REST1523.1;BLUSA MANGA CURTA MALHA CANELADA;RITMI STUDIO;2 - RITMI CONFECCOES LTDA;28227;3;82;07/01/2026;22/01/2026;04/02/2026;Normal;;;
REST1523.2;CALÇA RETA MALHA CANELADA;RITMI STUDIO;2 - RITMI CONFECCOES LTDA;28226;116;82;07/01/2026;26/01/2026;27/01/2026;Normal;;;
REST1523.2;CALÇA RETA MALHA CANELADA;RITMI STUDIO;2 - RITMI CONFECCOES LTDA;28226;4;82;07/01/2026;26/01/2026;28/01/2026;Normal;;;
REST1523.2;CALÇA RETA MALHA CANELADA;RITMI STUDIO;2 - RITMI CONFECCOES LTDA;28226;9;82;07/01/2026;26/01/2026;29/01/2026;Normal;;;
REST1523.2;CALÇA RETA MALHA CANELADA;RITMI STUDIO;2 - RITMI CONFECCOES LTDA;28226;3;82;07/01/2026;26/01/2026;30/01/2026;Normal;;;
REST1523.2;CALÇA RETA MALHA CANELADA;RITMI STUDIO;2 - RITMI CONFECCOES LTDA;28226;1;82;07/01/2026;26/01/2026;02/02/2026;Normal;;;
REST1523.2;CALÇA RETA MALHA CANELADA;RITMI STUDIO;2 - RITMI CONFECCOES LTDA;28226;1;82;07/01/2026;26/01/2026;03/02/2026;Normal;;;
REST1523.2;CALÇA RETA MALHA CANELADA;RITMI STUDIO;2 - RITMI CONFECCOES LTDA;28226;4;82;07/01/2026;26/01/2026;04/02/2026;Normal;;;
REST1525.1;TSHIRT BÁSICA TRICOLOR;RITMI STUDIO;2 - RITMI CONFECCOES LTDA;28237;52;81;08/01/2026;28/01/2026;28/01/2026;Normal;;;SEM06
REST1525.1;TSHIRT BÁSICA TRICOLOR;RITMI STUDIO;2 - RITMI CONFECCOES LTDA;28237;31;81;08/01/2026;28/01/2026;29/01/2026;Normal;;;SEM06
REST1525.1;TSHIRT BÁSICA TRICOLOR;RITMI STUDIO;2 - RITMI CONFECCOES LTDA;28237;11;81;08/01/2026;28/01/2026;30/01/2026;Normal;;;SEM06
REST1525.1;TSHIRT BÁSICA TRICOLOR;RITMI STUDIO;2 - RITMI CONFECCOES LTDA;28237;7;81;08/01/2026;28/01/2026;02/02/2026;Normal;;;SEM06
REST1525.1;TSHIRT BÁSICA TRICOLOR;RITMI STUDIO;2 - RITMI CONFECCOES LTDA;28237;1;81;08/01/2026;28/01/2026;03/02/2026;Normal;;;SEM06
REST1525.1;TSHIRT BÁSICA TRICOLOR;RITMI STUDIO;33419 - INTERNO RITMI;28237;2;81;08/01/2026;28/01/2026;02/03/2026;Normal;;;SEM06
REST1525.1;TSHIRT BÁSICA TRICOLOR;RITMI STUDIO;33419 - INTERNO RITMI;28237;36;81;08/01/2026;28/01/2026;03/03/2026;Normal;;;SEM06
REST1525.2;CALÇA RETA BICOLOR;RITMI STUDIO;2 - RITMI CONFECCOES LTDA;28236;60;81;08/01/2026;18/02/2026;18/02/2026;Normal;;;SEM06
REST1525.2;CALÇA RETA BICOLOR;RITMI STUDIO;2 - RITMI CONFECCOES LTDA;28236;14;81;08/01/2026;18/02/2026;19/02/2026;Normal;;;SEM06
REST1525.2;CALÇA RETA BICOLOR;RITMI STUDIO;2 - RITMI CONFECCOES LTDA;28236;3;81;08/01/2026;18/02/2026;20/02/2026;Normal;;;SEM06
REST1525.2;CALÇA RETA BICOLOR;RITMI STUDIO;2 - RITMI CONFECCOES LTDA;28236;9;81;08/01/2026;18/02/2026;27/02/2026;Normal;;;SEM06
REST1525.2;CALÇA RETA BICOLOR;RITMI STUDIO;2 - RITMI CONFECCOES LTDA;28236;5;81;08/01/2026;18/02/2026;03/03/2026;Normal;;;SEM06
REST1525.2;CALÇA RETA BICOLOR;RITMI STUDIO;33419 - INTERNO RITMI;28236;31;81;08/01/2026;18/02/2026;27/02/2026;Normal;;;SEM06
REST1525.2;CALÇA RETA BICOLOR;RITMI STUDIO;33419 - INTERNO RITMI;28236;2;81;08/01/2026;18/02/2026;02/03/2026;Normal;;;SEM06
REST1525.2;CALÇA RETA BICOLOR;RITMI STUDIO;33419 - INTERNO RITMI;28236;16;81;08/01/2026;18/02/2026;03/03/2026;Normal;;;SEM06
REST1526;BLUSA C/ FRANZIDOS NO OMBRO;RITMI STUDIO;40522 - LIKA ACABAMENTOS LTDA;28257;99;77;12/01/2026;02/02/2026;12/02/2026;Normal;;;
REST1528.1;BLUSA ASSIMETRICA;RITMI STUDIO;40522 - LIKA ACABAMENTOS LTDA;28249;132;80;09/01/2026;03/02/2026;12/02/2026;Normal;;;SEM06
REST1528.2;CALÇA C/ CÓS DE ELASTICO;RITMI STUDIO;40522 - LIKA ACABAMENTOS LTDA;28240;132;80;09/01/2026;04/02/2026;12/02/2026;Normal;10/02/2026;;SEM06
REST1530;MACACAO AMPLO C/ PESP;RITMI STUDIO;33419 - INTERNO RITMI;28304;106;70;19/01/2026;12/02/2026;12/02/2026;Normal;;;sem.06
REST1530;MACACAO AMPLO C/ PESP;RITMI STUDIO;33419 - INTERNO RITMI;28578;6;46;12/02/2026;13/02/2026;20/02/2026;Normal;;A (Normal);
REST1531;CALÇA DE ALFAIATARIA COM GORGURĂO LATERAL;RITMI STUDIO;40522 - LIKA ACABAMENTOS LTDA;28137;102;103;17/12/2025;03/02/2026;03/02/2026;Normal;;;sem.05
REST1532;VESTIDO MANGA CURTA MALHA CANELADA;RITMI STUDIO;2 - RITMI CONFECCOES LTDA;28212;72;83;06/01/2026;28/01/2026;29/01/2026;Normal;;;
REST1532;VESTIDO MANGA CURTA MALHA CANELADA;RITMI STUDIO;2 - RITMI CONFECCOES LTDA;28212;17;83;06/01/2026;28/01/2026;30/01/2026;Normal;;;
REST1532;VESTIDO MANGA CURTA MALHA CANELADA;RITMI STUDIO;2 - RITMI CONFECCOES LTDA;28212;7;83;06/01/2026;28/01/2026;02/02/2026;Normal;;;
REST1532;VESTIDO MANGA CURTA MALHA CANELADA;RITMI STUDIO;2 - RITMI CONFECCOES LTDA;28212;2;83;06/01/2026;28/01/2026;03/02/2026;Normal;;;
REST1532;VESTIDO MANGA CURTA MALHA CANELADA;RITMI STUDIO;2 - RITMI CONFECCOES LTDA;28212;4;83;06/01/2026;28/01/2026;04/02/2026;Normal;;;
REST1533;REGATA BICOLOR C/ ZIPER LATERAL;RITMI STUDIO;40473 - TIMBE - RITMI CONFECCOES;28302;101;70;19/01/2026;16/02/2026;16/02/2026;Normal;;;sem.06
REST1533;REGATA BICOLOR C/ ZIPER LATERAL;RITMI STUDIO;40473 - TIMBE - RITMI CONFECCOES;28302;15;70;19/01/2026;16/02/2026;18/02/2026;Normal;;;sem.06
REST1533;REGATA BICOLOR C/ ZIPER LATERAL;RITMI STUDIO;40473 - TIMBE - RITMI CONFECCOES;28302;16;70;19/01/2026;16/02/2026;19/02/2026;Normal;;;sem.06
REST1534.1;REGATA COM VISTA FUNCIONAL;RITMI STUDIO;33419 - INTERNO RITMI;28459;33;54;04/02/2026;10/03/2026;12/03/2026;Normal;;;SEM.08
REST1534.1;REGATA COM VISTA FUNCIONAL;RITMI STUDIO;33419 - INTERNO RITMI;28459;44;54;04/02/2026;10/03/2026;13/03/2026;Normal;;;SEM.08
REST1534.1;REGATA COM VISTA FUNCIONAL;RITMI STUDIO;33419 - INTERNO RITMI;28459;14;54;04/02/2026;10/03/2026;16/03/2026;Normal;;;SEM.08
REST1534.1;REGATA COM VISTA FUNCIONAL;RITMI STUDIO;33419 - INTERNO RITMI;28459;1;54;04/02/2026;10/03/2026;17/03/2026;Normal;;;SEM.08
REST1534.1;REGATA COM VISTA FUNCIONAL;RITMI STUDIO;33419 - INTERNO RITMI;28459;5;54;04/02/2026;10/03/2026;18/03/2026;Normal;;;SEM.08
REST1534.1;REGATA COM VISTA FUNCIONAL;RITMI STUDIO;33419 - INTERNO RITMI;28459;1;54;04/02/2026;10/03/2026;19/03/2026;Normal;;;SEM.08
REST1534.1;REGATA COM VISTA FUNCIONAL;RITMI STUDIO;33419 - INTERNO RITMI;28459;12;54;04/02/2026;10/03/2026;24/03/2026;Normal;;;SEM.08
REST1534.2;SAIA COM FENDAS LATERAIS E AMARRAÇĂO;RITMI STUDIO;33419 - INTERNO RITMI;28460;92;53;05/02/2026;12/03/2026;16/03/2026;Normal;;;sem.08
REST1534.2;SAIA COM FENDAS LATERAIS E AMARRAÇĂO;RITMI STUDIO;33419 - INTERNO RITMI;28460;18;53;05/02/2026;12/03/2026;17/03/2026;Normal;;;sem.08
REST1536.1;REGATA COM DETALHES EM RENDA;RITMI STUDIO;40522 - LIKA ACABAMENTOS LTDA;28138;100;103;17/12/2025;06/02/2026;12/02/2026;Normal;;;OP LIBERADA ETIQUET...
REST1536.2;CALÇA BÁSICA COM CÓS DE ELÁSTICO;RITMI STUDIO;40522 - LIKA ACABAMENTOS LTDA;28149;102;102;18/12/2025;06/02/2026;12/02/2026;Normal;;;OP LIBERADA ETIQUET...
REST1537;VESTIDO MANGA CURTA C/ FRANZIDOS;RITMI STUDIO;33419 - INTERNO RITMI;28303;65;70;19/01/2026;11/02/2026;12/02/2026;Normal;;;sem.06
REST1537;VESTIDO MANGA CURTA C/ FRANZIDOS;RITMI STUDIO;33419 - INTERNO RITMI;28303;41;70;19/01/2026;11/02/2026;16/02/2026;Normal;;;sem.06
REST1537;VESTIDO MANGA CURTA C/ FRANZIDOS;RITMI STUDIO;33419 - INTERNO RITMI;28303;14;70;19/01/2026;11/02/2026;17/02/2026;Normal;;;sem.06
REST1537;VESTIDO MANGA CURTA C/ FRANZIDOS;RITMI STUDIO;33419 - INTERNO RITMI;28303;1;70;19/01/2026;11/02/2026;18/02/2026;Normal;;;sem.06
REST1537;VESTIDO MANGA CURTA C/ FRANZIDOS;RITMI STUDIO;33419 - INTERNO RITMI;28303;5;70;19/01/2026;11/02/2026;23/02/2026;Normal;;;sem.06
REST1537;VESTIDO MANGA CURTA C/ FRANZIDOS;RITMI STUDIO;33419 - INTERNO RITMI;28303;5;70;19/01/2026;11/02/2026;27/02/2026;Normal;;;sem.06
REST1539;VESTIDO BICOLOR ALÇAS FINAS;RITMI STUDIO;33419 - INTERNO RITMI;28354;100;63;26/01/2026;26/02/2026;26/02/2026;Normal;;;SEM.07
REST1539;VESTIDO BICOLOR ALÇAS FINAS;RITMI STUDIO;33419 - INTERNO RITMI;28354;1;63;26/01/2026;26/02/2026;27/02/2026;Normal;;;SEM.07
REST1539;VESTIDO BICOLOR ALÇAS FINAS;RITMI STUDIO;33419 - INTERNO RITMI;28354;2;63;26/01/2026;26/02/2026;02/03/2026;Normal;;;SEM.07
REST1539;VESTIDO BICOLOR ALÇAS FINAS;RITMI STUDIO;33419 - INTERNO RITMI;28354;7;63;26/01/2026;26/02/2026;04/03/2026;Normal;;;SEM.07
REST1540;BLUSA ESTAMPADA COM BABADO;RITMI STUDIO;33419 - INTERNO RITMI;28324;62;67;22/01/2026;18/03/2026;19/03/2026;Normal;;;sem.07
REST1541;VESTIDO MIDI CACHECOUER;RITMI STUDIO;33419 - INTERNO RITMI;28305;99;70;19/01/2026;19/02/2026;19/02/2026;Normal;;;sem.07
REST1541;VESTIDO MIDI CACHECOUER;RITMI STUDIO;33419 - INTERNO RITMI;28305;28;70;19/01/2026;19/02/2026;20/02/2026;Normal;;;sem.07
REST1541;VESTIDO MIDI CACHECOUER;RITMI STUDIO;33419 - INTERNO RITMI;28305;3;70;19/01/2026;19/02/2026;23/02/2026;Normal;;;sem.07
REST1541;VESTIDO MIDI CACHECOUER;RITMI STUDIO;33419 - INTERNO RITMI;28305;2;70;19/01/2026;19/02/2026;24/02/2026;Normal;;;sem.07
REST1542.1;REGATA XADREZ ALÇAS FINAS;RITMI STUDIO;33419 - INTERNO RITMI;28315;74;70;19/01/2026;16/02/2026;16/02/2026;Normal;;E (Estamparia);ED...SEM.07
REST1542.1;REGATA XADREZ ALÇAS FINAS;RITMI STUDIO;33419 - INTERNO RITMI;28315;8;70;19/01/2026;16/02/2026;17/02/2026;Normal;;E (Estamparia);ED...SEM.07
REST1542.1;REGATA XADREZ ALÇAS FINAS;RITMI STUDIO;33419 - INTERNO RITMI;28315;6;70;19/01/2026;16/02/2026;18/02/2026;Normal;;E (Estamparia);ED...SEM.07
REST1542.2;SAIA MIDI XADREZ;RITMI STUDIO;33419 - INTERNO RITMI;28314;88;70;19/01/2026;19/02/2026;19/02/2026;Normal;;E (Estamparia);ED...sem.7
REST1544.1;COLETE AMARRAÇĂO COSTAS;RITMI STUDIO;40473 - TIMBE - RITMI CONFECCOES;28356;44;63;26/01/2026;19/02/2026;19/02/2026;Normal;;;Prep. Bolso + Bolso...
REST1544.1;COLETE AMARRAÇĂO COSTAS;RITMI STUDIO;40473 - TIMBE - RITMI CONFECCOES;28356;44;63;26/01/2026;19/02/2026;23/02/2026;Normal;;;Prep. Bolso + Bolso...
REST1544.2;SAIA MIDI CÓS ELÁSTICO;RITMI STUDIO;33419 - INTERNO RITMI;28355;70;63;26/01/2026;18/02/2026;19/02/2026;Normal;;;sem.7
REST1544.2;SAIA MIDI CÓS ELÁSTICO;RITMI STUDIO;33419 - INTERNO RITMI;28355;18;63;26/01/2026;18/02/2026;20/02/2026;Normal;;;sem.7
REST1546;CALÇA COM ELÁSTICO NA BARRA;RITMI STUDIO;33419 - INTERNO RITMI;28366;70;62;27/01/2026;16/02/2026;16/02/2026;Normal;;;SEM.7
REST1546;CALÇA COM ELÁSTICO NA BARRA;RITMI STUDIO;33419 - INTERNO RITMI;28366;8;62;27/01/2026;16/02/2026;17/02/2026;Normal;;;SEM.7
REST1546;CALÇA COM ELÁSTICO NA BARRA;RITMI STUDIO;33419 - INTERNO RITMI;28366;14;62;27/01/2026;16/02/2026;18/02/2026;Normal;;;SEM.7
REST1546;CALÇA COM ELÁSTICO NA BARRA;RITMI STUDIO;33419 - INTERNO RITMI;28366;3;62;27/01/2026;16/02/2026;20/02/2026;Normal;;;SEM.7
REST1546;CALÇA COM ELÁSTICO NA BARRA;RITMI STUDIO;33419 - INTERNO RITMI;28366;5;62;27/01/2026;16/02/2026;25/02/2026;Normal;;;SEM.7
REST1547;BLUSA AMARRAÇĂO COSTAS;RITMI STUDIO;33419 - INTERNO RITMI;28331;108;66;23/01/2026;16/02/2026;17/02/2026;Normal;;;sem.07
REST1548;BLUSA COM BABADO NA BARRA;RITMI STUDIO;33419 - INTERNO RITMI;28312;128;70;19/01/2026;10/02/2026;10/02/2026;Normal;;;sem.07
REST1549;VESTIDO MIDI C/ MANGA BUFANTE;RITMI STUDIO;33419 - INTERNO RITMI;28414;70;56;02/02/2026;25/02/2026;26/02/2026;Normal;;;SEM.08
REST1549;VESTIDO MIDI C/ MANGA BUFANTE;RITMI STUDIO;33419 - INTERNO RITMI;28414;10;56;02/02/2026;25/02/2026;27/02/2026;Normal;;;SEM.08
REST1549;VESTIDO MIDI C/ MANGA BUFANTE;RITMI STUDIO;33419 - INTERNO RITMI;28414;5;56;02/02/2026;25/02/2026;02/03/2026;Normal;;;SEM.08
REST1549;VESTIDO MIDI C/ MANGA BUFANTE;RITMI STUDIO;33419 - INTERNO RITMI;28414;3;56;02/02/2026;25/02/2026;03/03/2026;Normal;;;SEM.08
REST1550.1;CAMISA MANGA CURTA LISA;RITMI STUDIO;33419 - INTERNO RITMI;28310;110;70;19/01/2026;06/02/2026;09/02/2026;Normal;;;sem.07
REST1550.2;CALÇA RETA COM BOLSO FACA;RITMI STUDIO;2 - RITMI CONFECCOES LTDA;28309;84;70;19/01/2026;10/02/2026;11/02/2026;Normal;;;sem.07
REST1550.2;CALÇA RETA COM BOLSO FACA;RITMI STUDIO;2 - RITMI CONFECCOES LTDA;28309;26;70;19/01/2026;10/02/2026;12/02/2026;Normal;;;sem.07
REST1552.1;BLUSA DECOTE DEGAGE COM AMARRAÇĂO;RITMI STUDIO;33419 - INTERNO RITMI;28308;104;70;19/01/2026;04/02/2026;06/02/2026;Normal;;;sem.07
REST1552.1;BLUSA DECOTE DEGAGE COM AMARRAÇĂO;RITMI STUDIO;33419 - INTERNO RITMI;28308;28;70;19/01/2026;04/02/2026;09/02/2026;Normal;;;sem.07
REST1552.2;CALÇA RETA CÓS ELÁSTICO E AMARRAÇĂO;RITMI STUDIO;33419 - INTERNO RITMI;28311;131;70;19/01/2026;11/02/2026;12/02/2026;Normal;;;Acab. Caseadosem.07
REST1554;TSHIRT ESTAMPADA MANGA CURTA;RITMI STUDIO;33419 - INTERNO RITMI;28313;98;70;19/01/2026;24/02/2026;25/02/2026;Normal;;E (Estamparia);ED...sem.08
REST1554;TSHIRT ESTAMPADA MANGA CURTA;RITMI STUDIO;33419 - INTERNO RITMI;28313;10;70;19/01/2026;24/02/2026;26/02/2026;Normal;;E (Estamparia);ED...sem.08
REST1554;TSHIRT ESTAMPADA MANGA CURTA;RITMI STUDIO;33419 - INTERNO RITMI;28313;8;70;19/01/2026;24/02/2026;27/02/2026;Normal;;E (Estamparia);ED...sem.08
REST1555;REGATA BASICA ESTAMPADA;RITMI STUDIO;33419 - INTERNO RITMI;28490;41;53;05/02/2026;24/02/2026;25/02/2026;Normal;;;sem.09 SILK
REST1555;REGATA BASICA ESTAMPADA;RITMI STUDIO;33419 - INTERNO RITMI;28490;2;53;05/02/2026;24/02/2026;02/03/2026;Normal;;;sem.09 SILK
REST1555;REGATA BASICA ESTAMPADA;RITMI STUDIO;33419 - INTERNO RITMI;28490;8;53;05/02/2026;24/02/2026;05/03/2026;Normal;;;sem.09 SILK
REST1556;CALÇA COM ESTAMPA LATERAL;RITMI STUDIO;33419 - INTERNO RITMI;28501;86;52;06/02/2026;27/02/2026;02/03/2026;Normal;;E (Estamparia);sem.8
REST1556;CALÇA COM ESTAMPA LATERAL;RITMI STUDIO;33419 - INTERNO RITMI;28501;5;52;06/02/2026;27/02/2026;03/03/2026;Normal;;E (Estamparia);sem.8
REST1556;CALÇA COM ESTAMPA LATERAL;RITMI STUDIO;33419 - INTERNO RITMI;28501;11;52;06/02/2026;27/02/2026;04/03/2026;Normal;;E (Estamparia);sem.8
REST1558;BLUSA ALONGADA ASSIMÉTRICA;RITMI STUDIO;33419 - INTERNO RITMI;28744;2;38;20/02/2026;02/03/2026;02/03/2026;Normal;;A (Normal);
REST1558;BLUSA ALONGADA ASSIMÉTRICA;RITMI STUDIO;33419 - INTERNO RITMI;28392;61;60;29/01/2026;20/02/2026;20/02/2026;Normal;;;sem.08
REST1558;BLUSA ALONGADA ASSIMÉTRICA;RITMI STUDIO;33419 - INTERNO RITMI;28392;9;60;29/01/2026;20/02/2026;23/02/2026;Normal;;;sem.08
REST1558;BLUSA ALONGADA ASSIMÉTRICA;RITMI STUDIO;33419 - INTERNO RITMI;28392;14;60;29/01/2026;20/02/2026;26/02/2026;Normal;;;sem.08
REST1558;BLUSA ALONGADA ASSIMÉTRICA;RITMI STUDIO;33419 - INTERNO RITMI;28392;2;60;29/01/2026;20/02/2026;02/03/2026;Normal;;;sem.08
REST1560;LENÇO ZEBRA BARRADO 90X90;RITMI STUDIO;2 - RITMI CONFECCOES LTDA;28213;50;83;06/01/2026;28/01/2026;28/01/2026;Normal;;E (Estamparia);ED + LAVANDERIA
REST1560;LENÇO ZEBRA BARRADO 90X90;RITMI STUDIO;2 - RITMI CONFECCOES LTDA;28250;7;80;09/01/2026;28/01/2026;28/01/2026;Normal;;A (Normal);
REST1564.1;TOP TOMARA-QUE-CAIA;RITMI STUDIO;33419 - INTERNO RITMI;28393;64;59;30/01/2026;26/02/2026;26/02/2026;Normal;;;sem.08
REST1564.1;TOP TOMARA-QUE-CAIA;RITMI STUDIO;33419 - INTERNO RITMI;28393;1;59;30/01/2026;26/02/2026;27/02/2026;Normal;;;sem.08
REST1564.1;TOP TOMARA-QUE-CAIA;RITMI STUDIO;33419 - INTERNO RITMI;28393;5;59;30/01/2026;26/02/2026;03/03/2026;Normal;;;sem.08
REST1564.1;TOP TOMARA-QUE-CAIA;RITMI STUDIO;33419 - INTERNO RITMI;28393;18;59;30/01/2026;26/02/2026;04/03/2026;Normal;;;sem.08
REST1564.2;CALÇA BÁSICA ALFAIATARIA;RITMI STUDIO;33419 - INTERNO RITMI;28535;46;48;10/02/2026;19/02/2026;19/02/2026;Normal;;;sem.08
REST1564.2;CALÇA BÁSICA ALFAIATARIA;RITMI STUDIO;33419 - INTERNO RITMI;28535;27;48;10/02/2026;19/02/2026;20/02/2026;Normal;;;sem.08
REST1564.2;CALÇA BÁSICA ALFAIATARIA;RITMI STUDIO;33419 - INTERNO RITMI;28535;4;48;10/02/2026;19/02/2026;23/02/2026;Normal;;;sem.08
REST1564.2;CALÇA BÁSICA ALFAIATARIA;RITMI STUDIO;33419 - INTERNO RITMI;28535;1;48;10/02/2026;19/02/2026;26/02/2026;Normal;;;sem.08
REST1564.2;CALÇA BÁSICA ALFAIATARIA;RITMI STUDIO;33419 - INTERNO RITMI;28535;10;48;10/02/2026;19/02/2026;27/02/2026;Normal;;;sem.08
REST1566;BLUSA POLO DE LISTRAS;RITMI STUDIO;33419 - INTERNO RITMI;28395;76;59;30/01/2026;25/02/2026;25/02/2026;Normal;;CALANDRAR;CL. ENTRE...sem.08
REST1566;BLUSA POLO DE LISTRAS;RITMI STUDIO;33419 - INTERNO RITMI;28395;9;59;30/01/2026;25/02/2026;26/02/2026;Normal;;CALANDRAR;CL. ENTRE...sem.08
REST1566;BLUSA POLO DE LISTRAS;RITMI STUDIO;33419 - INTERNO RITMI;28395;1;59;30/01/2026;25/02/2026;27/02/2026;Normal;;CALANDRAR;CL. ENTRE...sem.08
REST1566;BLUSA POLO DE LISTRAS;RITMI STUDIO;33419 - INTERNO RITMI;28395;12;59;30/01/2026;25/02/2026;02/03/2026;Normal;;CALANDRAR;CL. ENTRE...sem.08
REST1566;BLUSA POLO DE LISTRAS;RITMI STUDIO;33419 - INTERNO RITMI;28395;9;59;30/01/2026;25/02/2026;04/03/2026;Normal;;CALANDRAR;CL. ENTRE...sem.08
REST1567;BLUSA COM PONTA;RITMI STUDIO;33419 - INTERNO RITMI;28562;73;47;11/02/2026;03/03/2026;04/03/2026;Normal;;;sem.09
REST1567;BLUSA COM PONTA;RITMI STUDIO;33419 - INTERNO RITMI;28562;11;47;11/02/2026;03/03/2026;05/03/2026;Normal;;;sem.09
REST1567;BLUSA COM PONTA;RITMI STUDIO;33419 - INTERNO RITMI;28562;2;47;11/02/2026;03/03/2026;06/03/2026;Normal;;;sem.09
REST1567;BLUSA COM PONTA;RITMI STUDIO;33419 - INTERNO RITMI;28562;23;47;11/02/2026;03/03/2026;09/03/2026;Normal;;;sem.09
REST1567;BLUSA COM PONTA;RITMI STUDIO;33419 - INTERNO RITMI;28562;1;47;11/02/2026;03/03/2026;19/03/2026;Normal;;;sem.09
REST1568;VESTIDO REGATA LONGO;RITMI STUDIO;33419 - INTERNO RITMI;28552;49;47;11/02/2026;02/03/2026;03/03/2026;Normal;;;sem.09
REST1568;VESTIDO REGATA LONGO;RITMI STUDIO;33419 - INTERNO RITMI;28552;14;47;11/02/2026;02/03/2026;04/03/2026;Normal;;;sem.09
REST1568;VESTIDO REGATA LONGO;RITMI STUDIO;33419 - INTERNO RITMI;28552;4;47;11/02/2026;02/03/2026;05/03/2026;Normal;;;sem.09
REST1568;VESTIDO REGATA LONGO;RITMI STUDIO;33419 - INTERNO RITMI;28552;5;47;11/02/2026;02/03/2026;06/03/2026;Normal;;;sem.09
REST1568;VESTIDO REGATA LONGO;RITMI STUDIO;33419 - INTERNO RITMI;28552;22;47;11/02/2026;02/03/2026;09/03/2026;Normal;;;sem.09
REST1568;VESTIDO REGATA LONGO;RITMI STUDIO;33419 - INTERNO RITMI;28552;3;47;11/02/2026;02/03/2026;10/03/2026;Normal;;;sem.09
REST1568;VESTIDO REGATA LONGO;RITMI STUDIO;33419 - INTERNO RITMI;28552;9;47;11/02/2026;02/03/2026;16/03/2026;Normal;;;sem.09
REST1568;VESTIDO REGATA LONGO;RITMI STUDIO;33419 - INTERNO RITMI;28552;3;47;11/02/2026;02/03/2026;17/03/2026;Normal;;;sem.09
REST1569;SHORT SAIA COM BOLSOS;RITMI STUDIO;33419 - INTERNO RITMI;28679;49;41;17/02/2026;12/03/2026;25/03/2026;Normal;;;
REST1569;SHORT SAIA COM BOLSOS;RITMI STUDIO;33419 - INTERNO RITMI;28679;4;41;17/02/2026;12/03/2026;26/03/2026;Normal;;;
REST1569;SHORT SAIA COM BOLSOS;RITMI STUDIO;33419 - INTERNO RITMI;28679;7;41;17/02/2026;12/03/2026;27/03/2026;Normal;;;
REST1570;CALÇA COM PREGAS E BOLSOS CT;RITMI STUDIO;17913 - 49.700.181 ITAMARA SANTANA COSTA;28531;1;49;09/02/2026;05/03/2026;06/03/2026;Normal;;;Bolso Embutido
REST1570;CALÇA COM PREGAS E BOLSOS CT;RITMI STUDIO;33419 - INTERNO RITMI;28531;74;49;09/02/2026;05/03/2026;05/03/2026;Normal;;;Bolso Embutido
REST1570;CALÇA COM PREGAS E BOLSOS CT;RITMI STUDIO;33419 - INTERNO RITMI;28531;4;49;09/02/2026;05/03/2026;06/03/2026;Normal;;;Bolso Embutido
REST1570;CALÇA COM PREGAS E BOLSOS CT;RITMI STUDIO;33419 - INTERNO RITMI;28531;8;49;09/02/2026;05/03/2026;09/03/2026;Normal;;;Bolso Embutido
REST1570;CALÇA COM PREGAS E BOLSOS CT;RITMI STUDIO;33419 - INTERNO RITMI;28531;14;49;09/02/2026;05/03/2026;13/03/2026;Normal;;;Bolso Embutido
REST1571;VESTIDO CHEMISE COM MARIAS;RITMI STUDIO;33419 - INTERNO RITMI;28565;70;47;11/02/2026;09/03/2026;09/03/2026;Normal;;;DIFICULDADE TECIDO ...
REST1571;VESTIDO CHEMISE COM MARIAS;RITMI STUDIO;33419 - INTERNO RITMI;28565;3;47;11/02/2026;09/03/2026;11/03/2026;Normal;;;DIFICULDADE TECIDO ...
REST1571;VESTIDO CHEMISE COM MARIAS;RITMI STUDIO;33419 - INTERNO RITMI;28565;4;47;11/02/2026;09/03/2026;16/03/2026;Normal;;;DIFICULDADE TECIDO ...
REST1572.1;TSHIRT BÁSICA COM ESTAMPA;RITMI STUDIO;33419 - INTERNO RITMI;28917;88;26;04/03/2026;19/03/2026;23/03/2026;Normal;;;SILK
REST1572.1;TSHIRT BÁSICA COM ESTAMPA;RITMI STUDIO;33419 - INTERNO RITMI;28917;8;26;04/03/2026;19/03/2026;25/03/2026;Normal;;;SILK
REST1572.2;CALÇA BÁSICA COM ESTAMPA;RITMI STUDIO;33419 - INTERNO RITMI;28906;82;27;03/03/2026;24/03/2026;25/03/2026;Normal;;;SILK
REST1572.2;CALÇA BÁSICA COM ESTAMPA;RITMI STUDIO;33419 - INTERNO RITMI;28906;1;27;03/03/2026;24/03/2026;26/03/2026;Normal;;;SILK
REST1572.2;CALÇA BÁSICA COM ESTAMPA;RITMI STUDIO;33419 - INTERNO RITMI;28906;7;27;03/03/2026;24/03/2026;27/03/2026;Normal;;;SILK
REST1574;TSHIT BICOLOR COM DECOTE V E ESTMPA;RITMI STUDIO;33419 - INTERNO RITMI;28947;1;25;05/03/2026;26/03/2026;26/03/2026;Normal;;;SILK
REST1574;TSHIT BICOLOR COM DECOTE V E ESTMPA;RITMI STUDIO;33419 - INTERNO RITMI;28947;26;25;05/03/2026;26/03/2026;27/03/2026;Normal;;;SILK
REST1574;TSHIT BICOLOR COM DECOTE V E ESTMPA;RITMI STUDIO;33419 - INTERNO RITMI;28947;5;25;05/03/2026;26/03/2026;30/03/2026;Normal;;;SILK
REST1575;TSHIT BICOLOR COM  ESTAMPA;RITMI STUDIO;33419 - INTERNO RITMI;28850;31;31;27/02/2026;25/03/2026;26/03/2026;Normal;;;SILK
REST1575;TSHIT BICOLOR COM  ESTAMPA;RITMI STUDIO;33419 - INTERNO RITMI;28850;2;31;27/02/2026;25/03/2026;27/03/2026;Normal;;;SILK
REST1576.1;BLUSA BÁSICA COM ETIQUETA;RITMI STUDIO;33419 - INTERNO RITMI;28774;199;35;23/02/2026;18/03/2026;23/03/2026;Normal;;;
REST1576.1;BLUSA BÁSICA COM ETIQUETA;RITMI STUDIO;33419 - INTERNO RITMI;28774;7;35;23/02/2026;18/03/2026;24/03/2026;Normal;;;
REST1576.1;BLUSA BÁSICA COM ETIQUETA;RITMI STUDIO;33419 - INTERNO RITMI;28774;6;35;23/02/2026;18/03/2026;25/03/2026;Normal;;;
REST1576.1;BLUSA BÁSICA COM ETIQUETA;RITMI STUDIO;33419 - INTERNO RITMI;28774;1;35;23/02/2026;18/03/2026;26/03/2026;Normal;;;
REST1576.2;SHORT BÁSICO COM ETIQUETA;RITMI STUDIO;33419 - INTERNO RITMI;28775;192;35;23/02/2026;18/03/2026;23/03/2026;Normal;;;
REST1576.2;SHORT BÁSICO COM ETIQUETA;RITMI STUDIO;33419 - INTERNO RITMI;28775;26;35;23/02/2026;18/03/2026;24/03/2026;Normal;;;
REST1580;BODY COM GOLA ALTA;RITMI STUDIO;40473 - TIMBE - RITMI CONFECCOES;28580;114;46;12/02/2026;26/02/2026;04/03/2026;Normal;;;
REST1581;BODY BÁSICO MANGA LONGA;RITMI STUDIO;33419 - INTERNO RITMI;28638;80;42;16/02/2026;06/03/2026;09/03/2026;Normal;;;DIFICULDADE TECIDO ...
REST1581;BODY BÁSICO MANGA LONGA;RITMI STUDIO;33419 - INTERNO RITMI;28638;3;42;16/02/2026;06/03/2026;10/03/2026;Normal;;;DIFICULDADE TECIDO ...
REST1581;BODY BÁSICO MANGA LONGA;RITMI STUDIO;33419 - INTERNO RITMI;28638;12;42;16/02/2026;06/03/2026;11/03/2026;Normal;;;DIFICULDADE TECIDO ...
REST1581;BODY BÁSICO MANGA LONGA;RITMI STUDIO;33419 - INTERNO RITMI;28638;4;42;16/02/2026;06/03/2026;12/03/2026;Normal;;;DIFICULDADE TECIDO ...
REST1581;BODY BÁSICO MANGA LONGA;RITMI STUDIO;33419 - INTERNO RITMI;28638;1;42;16/02/2026;06/03/2026;13/03/2026;Normal;;;DIFICULDADE TECIDO ...
REST1581;BODY BÁSICO MANGA LONGA;RITMI STUDIO;33419 - INTERNO RITMI;28638;2;42;16/02/2026;06/03/2026;16/03/2026;Normal;;;DIFICULDADE TECIDO ...
REST1581;BODY BÁSICO MANGA LONGA;RITMI STUDIO;33419 - INTERNO RITMI;28638;1;42;16/02/2026;06/03/2026;17/03/2026;Normal;;;DIFICULDADE TECIDO ...
REST1581;BODY BÁSICO MANGA LONGA;RITMI STUDIO;33419 - INTERNO RITMI;28638;1;42;16/02/2026;06/03/2026;18/03/2026;Normal;;;DIFICULDADE TECIDO ...
REST1581;BODY BÁSICO MANGA LONGA;RITMI STUDIO;33419 - INTERNO RITMI;28638;21;42;16/02/2026;06/03/2026;26/03/2026;Normal;;;DIFICULDADE TECIDO ...
REST1582;BLUSA TRICOLOR MANGA LONGA;RITMI STUDIO;33419 - INTERNO RITMI;28458;29;54;04/02/2026;02/03/2026;03/03/2026;Normal;;;sem.08
REST1582;BLUSA TRICOLOR MANGA LONGA;RITMI STUDIO;33419 - INTERNO RITMI;28458;7;54;04/02/2026;02/03/2026;04/03/2026;Normal;;;sem.08
REST1582;BLUSA TRICOLOR MANGA LONGA;RITMI STUDIO;33419 - INTERNO RITMI;28458;11;54;04/02/2026;02/03/2026;12/03/2026;Normal;;;sem.08
REST1582;BLUSA TRICOLOR MANGA LONGA;RITMI STUDIO;33419 - INTERNO RITMI;28458;25;54;04/02/2026;02/03/2026;13/03/2026;Normal;;;sem.08
REST1582;BLUSA TRICOLOR MANGA LONGA;RITMI STUDIO;33419 - INTERNO RITMI;28458;11;54;04/02/2026;02/03/2026;16/03/2026;Normal;;;sem.08
REST1582;BLUSA TRICOLOR MANGA LONGA;RITMI STUDIO;33419 - INTERNO RITMI;28458;6;54;04/02/2026;02/03/2026;17/03/2026;Normal;;;sem.08
REST1582;BLUSA TRICOLOR MANGA LONGA;RITMI STUDIO;33419 - INTERNO RITMI;28458;3;54;04/02/2026;02/03/2026;18/03/2026;Normal;;;sem.08
REST1583;VESTIDO MIDI DECOTE V;RITMI STUDIO;33419 - INTERNO RITMI;28549;47;47;11/02/2026;04/03/2026;12/03/2026;Normal;;;SEM.9
REST1583;VESTIDO MIDI DECOTE V;RITMI STUDIO;33419 - INTERNO RITMI;28549;3;47;11/02/2026;04/03/2026;13/03/2026;Normal;;;SEM.9
REST1583;VESTIDO MIDI DECOTE V;RITMI STUDIO;33419 - INTERNO RITMI;28549;9;47;11/02/2026;04/03/2026;16/03/2026;Normal;;;SEM.9
REST1583;VESTIDO MIDI DECOTE V;RITMI STUDIO;33419 - INTERNO RITMI;28549;7;47;11/02/2026;04/03/2026;19/03/2026;Normal;;;SEM.9
REST1583;VESTIDO MIDI DECOTE V;RITMI STUDIO;33419 - INTERNO RITMI;28549;22;47;11/02/2026;04/03/2026;25/03/2026;Normal;;;SEM.9
REST1584;TSHIRT ESTAMPA CASA;RITMI STUDIO;33419 - INTERNO RITMI;28643;33;42;16/02/2026;10/03/2026;12/03/2026;Normal;;E (Estamparia);
REST1584;TSHIRT ESTAMPA CASA;RITMI STUDIO;33419 - INTERNO RITMI;28643;7;42;16/02/2026;10/03/2026;13/03/2026;Normal;;E (Estamparia);
REST1587.1;BLUSA GOLA DEGAGĘ;RITMI STUDIO;33419 - INTERNO RITMI;28453;90;54;04/02/2026;20/02/2026;23/02/2026;Normal;;;sem.08
REST1587.1;BLUSA GOLA DEGAGĘ;RITMI STUDIO;33419 - INTERNO RITMI;28453;2;54;04/02/2026;20/02/2026;24/02/2026;Normal;;;sem.08
REST1587.1;BLUSA GOLA DEGAGĘ;RITMI STUDIO;33419 - INTERNO RITMI;28453;3;54;04/02/2026;20/02/2026;25/02/2026;Normal;;;sem.08
REST1587.1;BLUSA GOLA DEGAGĘ;RITMI STUDIO;33419 - INTERNO RITMI;28453;15;54;04/02/2026;20/02/2026;27/02/2026;Normal;;;sem.08
REST1587.2;CALÇA COM AMARRAÇĂO;RITMI STUDIO;33419 - INTERNO RITMI;28455;90;54;04/02/2026;25/02/2026;26/02/2026;Normal;;;SEM.08
REST1587.2;CALÇA COM AMARRAÇĂO;RITMI STUDIO;33419 - INTERNO RITMI;28455;13;54;04/02/2026;25/02/2026;27/02/2026;Normal;;;SEM.08
REST1587.2;CALÇA COM AMARRAÇĂO;RITMI STUDIO;33419 - INTERNO RITMI;28455;2;54;04/02/2026;25/02/2026;02/03/2026;Normal;;;SEM.08
REST1587.2;CALÇA COM AMARRAÇĂO;RITMI STUDIO;33419 - INTERNO RITMI;28455;5;54;04/02/2026;25/02/2026;03/03/2026;Normal;;;SEM.08
REST1588;BLUSA FLUÍDA ESTAMPADA;RITMI STUDIO;33419 - INTERNO RITMI;28493;29;52;06/02/2026;03/03/2026;04/03/2026;Normal;;E (Estamparia);ER...sem.09
REST1588;BLUSA FLUÍDA ESTAMPADA;RITMI STUDIO;33419 - INTERNO RITMI;28493;7;52;06/02/2026;03/03/2026;05/03/2026;Normal;;E (Estamparia);ER...sem.09
REST1588;BLUSA FLUÍDA ESTAMPADA;RITMI STUDIO;33419 - INTERNO RITMI;28493;3;52;06/02/2026;03/03/2026;06/03/2026;Normal;;E (Estamparia);ER...sem.09
REST1588;BLUSA FLUÍDA ESTAMPADA;RITMI STUDIO;33419 - INTERNO RITMI;28493;3;52;06/02/2026;03/03/2026;09/03/2026;Normal;;E (Estamparia);ER...sem.09
REST1589;SHORT SAIA COM DETALHE EM PREGAS;RITMI STUDIO;33419 - INTERNO RITMI;28396;80;59;30/01/2026;24/02/2026;24/02/2026;Normal;;;sem.08
REST1591;CAMISA MANGA LONGA COM GRAVATA;RITMI STUDIO;33419 - INTERNO RITMI;28556;53;47;11/02/2026;02/03/2026;03/03/2026;Normal;;;sem.09
REST1591;CAMISA MANGA LONGA COM GRAVATA;RITMI STUDIO;33419 - INTERNO RITMI;28556;18;47;11/02/2026;02/03/2026;04/03/2026;Normal;;;sem.09
REST1591;CAMISA MANGA LONGA COM GRAVATA;RITMI STUDIO;33419 - INTERNO RITMI;28556;28;47;11/02/2026;02/03/2026;09/03/2026;Normal;;;sem.09
REST1591;CAMISA MANGA LONGA COM GRAVATA;RITMI STUDIO;33419 - INTERNO RITMI;28556;1;47;11/02/2026;02/03/2026;10/03/2026;Normal;;;sem.09
REST1591;CAMISA MANGA LONGA COM GRAVATA;RITMI STUDIO;33419 - INTERNO RITMI;28556;4;47;11/02/2026;02/03/2026;16/03/2026;Normal;;;sem.09
REST1592;REGATA DE ALÇAS COM RENDA;RITMI STUDIO;33419 - INTERNO RITMI;28513;47;49;09/02/2026;06/03/2026;10/03/2026;Normal;;E (Estamparia);ER...sem.09
REST1593;TOP BÁSICO DE RENDA;RITMI STUDIO;40473 - TIMBE - RITMI CONFECCOES;28846;84;31;27/02/2026;18/03/2026;25/03/2026;Normal;;CALANDRAR;CL. ENTRE
REST1595.1;TSHIRT BÁSICA CANELADA;RITMI STUDIO;33419 - INTERNO RITMI;28940;10;25;05/03/2026;05/03/2026;12/03/2026;Normal;;A (Normal);
REST1595.1;TSHIRT BÁSICA CANELADA;RITMI STUDIO;33419 - INTERNO RITMI;28624;70;45;13/02/2026;05/03/2026;05/03/2026;Normal;;;SEM10
REST1595.1;TSHIRT BÁSICA CANELADA;RITMI STUDIO;33419 - INTERNO RITMI;28624;21;45;13/02/2026;05/03/2026;06/03/2026;Normal;;;SEM10
REST1595.1;TSHIRT BÁSICA CANELADA;RITMI STUDIO;33419 - INTERNO RITMI;28624;3;45;13/02/2026;05/03/2026;09/03/2026;Normal;;;SEM10
REST1595.1;TSHIRT BÁSICA CANELADA;RITMI STUDIO;33419 - INTERNO RITMI;28624;2;45;13/02/2026;05/03/2026;10/03/2026;Normal;;;SEM10
REST1595.1;TSHIRT BÁSICA CANELADA;RITMI STUDIO;33419 - INTERNO RITMI;28624;20;45;13/02/2026;05/03/2026;11/03/2026;Normal;;;SEM10
REST1595.1;TSHIRT BÁSICA CANELADA;RITMI STUDIO;33419 - INTERNO RITMI;28624;4;45;13/02/2026;05/03/2026;12/03/2026;Normal;;;SEM10
REST1595.1;TSHIRT BÁSICA CANELADA;RITMI STUDIO;33419 - INTERNO RITMI;28624;2;45;13/02/2026;05/03/2026;13/03/2026;Normal;;;SEM10
REST1595.1;TSHIRT BÁSICA CANELADA;RITMI STUDIO;33419 - INTERNO RITMI;28624;3;45;13/02/2026;05/03/2026;16/03/2026;Normal;;;SEM10
REST1595.1;TSHIRT BÁSICA CANELADA;RITMI STUDIO;33419 - INTERNO RITMI;28624;10;45;13/02/2026;05/03/2026;18/03/2026;Normal;;;SEM10
REST1595.2;CALÇA BÁSICA CANELADA;RITMI STUDIO;33419 - INTERNO RITMI;28625;81;45;13/02/2026;11/03/2026;12/03/2026;Normal;;;SEM10
REST1595.2;CALÇA BÁSICA CANELADA;RITMI STUDIO;33419 - INTERNO RITMI;28625;2;45;13/02/2026;11/03/2026;13/03/2026;Normal;;;SEM10
REST1595.2;CALÇA BÁSICA CANELADA;RITMI STUDIO;33419 - INTERNO RITMI;28625;6;45;13/02/2026;11/03/2026;16/03/2026;Normal;;;SEM10
REST1595.2;CALÇA BÁSICA CANELADA;RITMI STUDIO;33419 - INTERNO RITMI;28625;4;45;13/02/2026;11/03/2026;17/03/2026;Normal;;;SEM10
REST1600.1;AGASALHO MANGA LONGA TEXTURIZADO;RITMI STUDIO;33419 - INTERNO RITMI;28762;83;38;20/02/2026;25/03/2026;25/03/2026;Normal;;;DIFICULDADE MODELO ...
REST1600.2;CALÇA CENOURA TEXTURIZADA;RITMI STUDIO;33419 - INTERNO RITMI;28763;78;38;20/02/2026;24/03/2026;25/03/2026;Normal;;;PASSADO PELA CRONO.
REST1600.2;CALÇA CENOURA TEXTURIZADA;RITMI STUDIO;33419 - INTERNO RITMI;28763;3;38;20/02/2026;24/03/2026;27/03/2026;Normal;;;PASSADO PELA CRONO.
REST1604;BLUSA  COM BABADO;RITMI STUDIO;33419 - INTERNO RITMI;28323;54;67;22/01/2026;23/03/2026;25/03/2026;Normal;;;sem.07
REST1604;BLUSA  COM BABADO;RITMI STUDIO;33419 - INTERNO RITMI;28323;12;67;22/01/2026;23/03/2026;26/03/2026;Normal;;;sem.07
REST1605;CALÇA JEANS RETA 201409;RITMI STUDIO;33419 - INTERNO RITMI;28735;140;39;19/02/2026;19/03/2026;19/03/2026;Normal;;;JEANS
REST1606;CALÇA JEANS BAGGY COLOR 201294;RITMI STUDIO;44359 - POP TEXTIL LTDA;28728;76;39;19/02/2026;19/03/2026;19/03/2026;Normal;;;JEANS
REST1607;CALÇA JEANS WIDE 2106;RITMI STUDIO;44359 - POP TEXTIL LTDA;28729;73;39;19/02/2026;19/03/2026;20/03/2026;Normal;;;JEANS
REST1607;CALÇA JEANS WIDE 2106;RITMI STUDIO;44359 - POP TEXTIL LTDA;28729;41;39;19/02/2026;19/03/2026;21/03/2026;Normal;;;JEANS
REST1608;CALÇA JEANS BALLON 201462;RITMI STUDIO;44359 - POP TEXTIL LTDA;28730;79;39;19/02/2026;19/03/2026;21/03/2026;Normal;;;JEANS
REST1608;CALÇA JEANS BALLON 201462;RITMI STUDIO;44359 - POP TEXTIL LTDA;28730;7;39;19/02/2026;19/03/2026;24/03/2026;Normal;;;JEANS
REST1609;CALÇA JEANS MOM 1866;RITMI STUDIO;33419 - INTERNO RITMI;28731;86;39;19/02/2026;19/03/2026;20/03/2026;Normal;;;JEANS
REST1609;CALÇA JEANS MOM 1866;RITMI STUDIO;33419 - INTERNO RITMI;28731;43;39;19/02/2026;19/03/2026;21/03/2026;Normal;;;JEANS
REST1611;BLUSA MANGA LONGA COM DETALHE EM TORCIDOS;RITMI STUDIO;33419 - INTERNO RITMI;28923;44;26;04/03/2026;25/03/2026;25/03/2026;Normal;;;
REST1611;BLUSA MANGA LONGA COM DETALHE EM TORCIDOS;RITMI STUDIO;33419 - INTERNO RITMI;28923;36;26;04/03/2026;25/03/2026;27/03/2026;Normal;;;
REST1615;VESTIDO MIDI FRANZIDO FRENTE;RITMI STUDIO;33419 - INTERNO RITMI;28902;55;27;03/03/2026;26/03/2026;26/03/2026;Normal;;;
REST1615;VESTIDO MIDI FRANZIDO FRENTE;RITMI STUDIO;33419 - INTERNO RITMI;28902;31;27;03/03/2026;26/03/2026;27/03/2026;Normal;;;
REST1622;CAMISETA LISTRADA MARTINGALE MANGA;RITMI STUDIO;33419 - INTERNO RITMI;28851;48;31;27/02/2026;24/03/2026;24/03/2026;Normal;;;
REST1622;CAMISETA LISTRADA MARTINGALE MANGA;RITMI STUDIO;33419 - INTERNO RITMI;28851;54;31;27/02/2026;24/03/2026;25/03/2026;Normal;;;
REST1622;CAMISETA LISTRADA MARTINGALE MANGA;RITMI STUDIO;33419 - INTERNO RITMI;28851;1;31;27/02/2026;24/03/2026;26/03/2026;Normal;;;
REST1643;REGATA DE ALÇAS COM RENDA;RITMI STUDIO;33419 - INTERNO RITMI;28514;33;49;09/02/2026;06/03/2026;10/03/2026;Normal;;;sem.09
REST1643;REGATA DE ALÇAS COM RENDA;RITMI STUDIO;33419 - INTERNO RITMI;28514;18;49;09/02/2026;06/03/2026;11/03/2026;Normal;;;sem.09
;;;;;;;;;;;;;
;;;;;;;;;;;;;
"Total de peças (25 - ACABAMENTO): 10.230			Total de ref.: 111 		Total de OPs : 115";;;;;;;;;;;;;
;;;;;;;;;;;;;
;;;;;;;;;;;;;
;;;;;;;;;;;;;
;;;;;;;;;;;;;
Quantidade geral de peças;:;10.230;;;;;;;;;;;
Quantidade geral de referęncias;:;111;;;;;;;;;;;
Quantidade geral de OPs;:;115;;;;;;;;;;;
;;;;;;;;;;;;;
;;;;;;;;;;;;;
;;;;;;;;;;;;;
V. Genesis;;;;;;;;;;;;;
(prirelaba02.php);;;;;;;;;;;;;
